block.0.attn.q_conv.weight,block.0.attn.q_conv.bias,block.0.attn.k_conv.weight,block.0.attn.k_conv.bias,block.0.attn.v_conv.weight,block.0.attn.v_conv.bias,block.0.attn.talking_heads.weight,block.0.attn.proj_conv.weight,block.0.attn.proj_conv.bias,block.0.mlp.fc1_conv.weight,block.0.mlp.fc1_conv.bias,block.0.mlp.fc2_conv.weight,block.0.mlp.fc2_conv.bias,head.bias,head.weight
0,0,0,0,0,0,0,0,0,0,2,0,0,0,0
0,0,0,0,0,0,0,0,0,0,3,6,0,0,0
0,0,0,0,0,0,0,0,0,0,0,95,0,0,0
0,0,0,0,0,0,0,1,0,0,3,686,0,0,0
0,0,0,0,0,0,0,0,0,0,1,3674,0,0,0
0,0,0,0,0,0,0,28,0,0,2,14891,1,0,0
0,0,0,0,0,0,0,974,0,0,37,42111,0,0,0
0,0,0,0,0,0,0,158,0,0,6,3606,0,0,0
1,4,0,2,0,3,0,0,0,0,0,0,0,0,0
0,0,0,0,0,0,0,0,0,0,0,0,0,0,0
0,0,0,0,0,0,0,0,0,0,0,0,0,0,0
0,0,0,0,0,0,0,0,0,0,0,0,0,0,0
0,0,0,0,0,0,0,0,0,0,0,0,0,0,0
0,0,0,0,0,0,0,0,0,0,0,0,0,0,0
0,0,0,0,0,0,0,0,0,0,0,0,0,0,0
0,0,0,0,0,0,0,191,0,0,0,0,0,0,0
0,0,0,1,0,0,0,0,0,0,0,0,0,0,0
0,1,0,0,0,0,0,0,0,0,0,0,0,0,0
0,0,0,0,0,0,0,0,0,0,0,0,0,0,0
0,0,0,0,0,0,0,0,0,0,0,0,0,0,0
0,0,0,0,0,0,0,0,0,0,0,0,0,0,0
0,0,0,0,0,0,0,0,0,0,0,0,0,0,0
0,0,0,0,0,0,0,0,0,0,0,0,0,0,0
0,0,0,0,0,0,0,203,0,0,8,4009,0,0,0
0,0,0,0,0,1,0,0,0,0,0,0,0,0,0
0,0,0,0,0,0,0,0,0,0,0,0,0,0,0
0,0,0,0,0,0,0,0,0,0,0,0,0,0,0
0,0,0,0,0,0,0,0,0,0,0,0,0,0,0
1,0,0,1,0,0,0,0,0,0,0,0,0,0,0
1,0,0,0,0,0,0,0,0,0,0,0,0,0,0
1,0,0,0,0,0,0,0,0,0,0,0,0,0,0
0,0,0,0,0,0,0,200,0,0,0,0,0,0,0
0,0,0,0,0,0,0,0,0,0,0,0,0,0,0
0,0,0,0,0,0,0,0,0,0,0,0,0,0,0
0,0,0,0,0,0,0,0,0,0,0,0,0,0,0
0,0,0,0,0,0,0,0,0,0,0,0,0,0,0
0,0,0,0,0,0,0,0,0,0,0,0,0,0,0
0,0,0,0,0,0,0,0,0,0,0,0,0,0,0
0,0,0,0,0,0,0,0,0,0,0,0,0,0,0
0,0,0,0,0,0,0,230,0,0,9,4084,0,0,0
0,0,0,0,0,0,0,0,0,0,0,0,0,0,0
0,0,0,0,0,0,0,0,0,0,0,0,0,0,0
0,0,0,0,0,0,0,0,0,0,0,0,0,0,0
0,0,0,0,0,0,0,0,0,0,0,0,0,0,0
0,0,0,0,0,0,0,0,0,0,0,0,0,0,0
0,0,0,0,0,0,0,0,0,0,0,0,0,0,0
0,0,0,0,0,0,0,0,0,0,0,0,0,0,0
0,0,0,1,0,0,0,267,0,0,0,0,0,0,0
0,0,0,0,0,0,0,0,0,0,0,0,0,0,0
0,0,0,0,0,0,0,0,0,0,0,0,0,0,0
0,0,0,0,0,0,0,0,0,0,0,0,0,0,0
0,0,0,0,0,0,0,0,0,0,0,0,0,0,0
0,0,0,0,0,1,0,0,0,0,0,0,0,0,0
0,0,0,0,0,0,0,0,0,0,0,0,0,0,0
1,0,0,0,0,0,0,0,0,0,0,0,0,0,0
1,0,0,0,0,0,0,332,0,0,8,4182,0,0,0
2,0,0,0,0,0,0,0,0,0,0,0,0,0,0
0,0,0,0,0,0,0,0,0,0,0,0,0,0,0
0,0,0,0,0,0,0,0,0,0,0,0,0,0,0
0,0,0,0,0,0,0,0,0,0,0,0,0,0,0
0,0,0,0,0,0,0,0,0,0,0,0,0,0,0
1,0,0,0,0,0,0,0,0,0,0,0,0,0,0
0,0,0,0,0,0,0,0,0,0,0,0,0,0,0
0,0,1,0,0,0,0,350,0,0,0,0,0,0,0
1,0,0,0,0,0,0,0,0,0,0,0,0,0,0
0,0,0,0,0,0,0,0,0,0,0,0,0,0,0
1,1,0,0,0,0,0,0,0,0,0,0,0,0,0
0,0,0,0,0,0,0,0,0,0,0,0,0,0,0
0,0,0,0,0,0,0,0,0,0,0,0,0,0,0
1,0,0,0,0,0,0,0,0,0,0,0,0,0,0
1,1,0,0,0,0,0,0,0,0,0,0,0,0,0
0,0,0,0,0,0,0,425,0,0,18,4334,0,0,0
0,0,0,0,0,0,0,0,0,0,0,0,0,0,0
0,0,0,0,0,0,0,0,0,0,0,0,0,0,0
1,2,0,0,0,0,0,0,0,0,0,0,0,0,0
1,0,0,0,0,0,0,0,0,0,0,0,0,0,0
1,0,0,0,0,0,0,0,0,0,0,0,0,0,0
0,0,0,0,0,0,0,0,0,0,0,0,0,0,0
1,1,0,0,0,0,0,0,0,0,0,0,0,0,0
1,0,0,0,0,0,0,459,0,0,0,0,0,0,0
1,0,0,0,1,0,0,0,0,0,0,0,0,0,0
0,0,0,0,0,0,0,0,0,0,0,0,0,0,0
0,1,0,0,0,0,0,0,0,0,0,0,0,0,0
1,0,0,0,0,0,0,0,0,0,0,0,0,0,0
2,0,0,0,0,0,0,0,0,0,0,0,0,0,0
1,0,0,0,0,0,0,0,0,0,0,0,0,0,0
0,0,0,0,0,0,0,0,0,0,0,0,0,0,0
3,0,0,0,0,0,0,485,0,0,16,4536,0,0,0
0,0,0,0,0,1,0,0,0,0,0,0,0,0,0
2,0,0,0,0,0,0,0,0,0,0,0,0,0,0
2,0,0,0,0,0,0,0,0,0,0,0,0,0,0
1,0,0,0,0,0,0,0,0,0,0,0,0,0,0
2,0,0,0,0,0,0,0,0,0,0,0,0,0,0
2,0,0,0,0,0,0,0,0,0,0,0,0,0,0
3,0,0,0,0,0,0,0,0,0,0,0,0,0,0
3,0,0,0,0,0,0,539,0,0,0,0,0,0,0
4,1,0,0,0,0,0,0,0,0,0,0,0,0,0
2,0,0,0,0,0,0,0,0,0,0,0,0,0,0
2,0,0,0,0,0,0,0,0,0,0,0,0,0,0
2,0,0,0,0,0,0,0,0,0,0,0,0,0,0
1,0,0,0,1,0,0,0,0,0,0,0,0,0,0
2,0,0,0,0,0,0,0,0,0,0,0,0,0,0
1,0,0,0,0,0,0,0,0,0,0,0,0,0,0
1,0,0,0,0,0,0,622,1,8,12,4553,0,0,0
2,1,0,0,1,0,0,0,0,0,0,0,0,0,0
2,0,0,0,1,0,0,0,0,0,0,0,0,0,0
3,0,0,0,0,0,0,0,0,0,0,0,0,0,0
3,0,0,1,0,0,0,0,0,0,0,0,0,0,0
3,0,0,0,0,0,0,0,0,0,0,0,0,0,0
0,0,0,0,0,0,0,0,0,0,0,0,0,0,0
3,0,0,0,0,0,0,0,0,0,0,0,0,0,0
3,0,0,0,0,0,0,747,0,0,0,0,0,0,0
8,0,0,0,0,0,0,0,0,0,0,0,0,0,0
6,1,0,0,0,0,0,0,0,0,0,0,0,0,0
4,0,0,0,0,0,0,0,0,0,0,0,0,0,0
2,0,0,0,0,0,0,0,0,0,0,0,0,0,0
4,0,0,0,0,0,0,0,0,0,0,0,0,0,0
3,0,0,0,0,0,0,0,0,0,0,0,0,0,0
6,0,0,0,0,0,0,0,0,0,0,0,0,0,0
5,0,0,0,0,0,0,756,0,25,15,4854,0,0,0
7,0,0,0,0,0,0,0,0,0,0,0,0,0,0
4,0,0,0,0,0,0,0,0,0,0,0,0,0,0
6,0,0,0,1,0,0,0,0,0,0,0,0,0,0
6,0,0,0,0,0,0,0,0,0,0,0,0,0,0
6,0,0,0,1,1,0,0,0,0,0,0,0,0,1
7,0,1,0,0,0,0,0,0,0,0,0,0,0,0
3,0,0,0,0,0,0,0,0,0,0,0,0,0,0
15,0,2,0,0,0,0,808,0,0,0,0,0,0,0
10,0,0,0,0,0,0,0,0,0,0,0,0,0,0
5,0,0,0,0,0,0,0,0,0,0,0,0,0,0
9,0,0,0,0,0,0,0,0,0,0,0,0,0,0
4,0,0,0,0,0,0,0,0,0,0,0,0,0,0
12,0,1,0,0,0,0,0,0,0,0,0,0,0,0
10,1,1,0,0,1,0,0,0,0,0,0,0,0,0
13,1,0,0,0,0,0,0,0,0,0,0,0,0,0
14,0,0,0,1,0,0,917,0,83,28,4721,1,0,0
9,0,0,0,0,1,0,0,0,0,0,0,0,0,0
10,0,0,1,1,1,0,0,0,0,0,0,0,0,0
14,0,3,0,1,0,0,0,0,0,0,0,0,0,0
18,1,0,0,2,0,0,0,0,0,0,0,0,0,0
14,0,1,1,0,0,0,0,0,0,0,0,0,0,1
17,0,0,0,1,0,0,0,0,0,0,0,0,0,0
18,0,1,0,2,0,0,0,0,0,0,0,0,0,0
21,0,0,0,1,0,0,1011,1,0,0,0,0,0,1
10,0,2,0,0,0,0,0,0,0,0,0,0,0,2
20,0,3,0,0,0,0,0,0,0,0,0,0,0,0
18,0,2,0,1,1,0,0,0,0,0,0,0,0,2
19,0,1,0,1,0,0,0,0,0,0,0,0,0,1
22,0,2,0,2,2,0,0,0,0,0,0,0,0,0
22,0,0,0,1,0,0,0,0,0,0,0,0,0,0
20,0,2,0,2,0,0,0,0,0,0,0,0,0,2
23,0,2,0,2,0,0,1111,1,353,28,4810,1,0,1
28,0,0,0,3,0,0,0,0,0,0,0,0,0,2
30,0,3,0,4,1,0,0,0,0,0,0,0,0,1
28,0,1,0,2,1,0,0,0,0,0,0,0,0,1
25,1,1,0,3,0,0,0,0,0,0,0,0,0,2
30,0,2,0,3,0,0,0,0,0,0,0,0,0,4
21,0,3,1,6,0,0,0,0,0,0,0,0,0,2
22,0,5,1,3,0,0,0,0,0,0,0,0,0,3
43,0,4,0,4,0,0,1178,1,0,0,0,0,0,2
29,1,6,0,5,0,0,0,0,0,0,0,0,0,7
40,0,3,0,3,0,0,0,0,0,0,0,0,0,9
38,0,8,0,8,0,0,0,0,0,0,0,0,0,7
35,0,8,0,0,0,0,0,0,0,0,0,0,0,2
49,0,10,1,4,0,0,0,0,0,0,0,0,0,7
39,0,9,0,5,0,0,0,0,0,0,0,0,0,8
55,0,4,0,6,1,0,0,0,0,0,0,0,0,16
52,0,7,0,7,0,0,1354,0,1229,32,4935,1,0,12
46,1,6,0,9,0,0,0,0,0,0,0,0,0,19
46,0,4,0,3,0,0,0,0,0,0,0,0,0,17
64,0,5,0,10,0,0,0,0,0,0,0,0,0,13
47,0,6,0,9,0,0,0,0,0,0,0,0,0,21
50,0,17,0,11,0,0,0,0,0,0,0,0,0,26
59,1,6,0,12,0,0,0,0,0,0,0,0,0,17
70,0,6,0,13,1,0,0,0,0,0,0,0,0,26
65,0,6,0,15,0,0,1395,1,0,0,0,0,0,24
85,0,16,0,23,0,1,0,0,0,0,0,0,0,23
100,0,15,0,13,0,1,0,0,0,0,0,0,0,32
75,0,22,0,16,0,0,0,0,0,0,0,0,0,35
77,0,17,1,17,0,0,0,0,0,0,0,0,0,35
100,0,20,0,18,0,0,0,0,0,0,0,0,0,38
84,0,17,0,28,0,0,0,0,0,0,0,0,0,48
89,0,13,0,20,1,0,0,0,0,0,0,0,0,42
89,0,27,0,31,0,0,1454,1,3861,36,4775,2,0,48
94,0,21,0,31,0,0,0,0,0,0,0,0,0,56
104,0,41,1,37,1,0,0,0,0,0,0,0,0,45
92,1,25,0,26,0,1,0,0,0,0,0,0,0,66
107,0,38,0,40,0,0,0,0,0,0,0,0,0,66
132,0,34,1,37,0,1,0,0,0,0,0,0,0,65
116,1,34,0,41,0,0,0,0,0,0,0,0,0,62
121,0,42,0,40,0,0,0,0,0,0,0,0,0,86
132,0,47,0,37,1,0,1649,0,0,0,0,0,0,64
156,1,41,0,54,1,1,0,0,0,0,0,0,0,69
119,1,55,0,45,0,0,0,0,0,0,0,0,0,102
149,0,67,0,61,0,0,0,0,0,0,0,0,0,94
149,0,62,0,52,0,0,0,0,0,0,0,0,0,88
161,1,64,0,53,0,0,0,0,0,0,0,0,0,66
167,0,77,0,78,0,0,0,0,0,0,0,0,0,87
156,1,83,0,80,0,0,0,0,0,0,0,0,0,110
207,1,85,0,83,0,0,1622,3,10555,33,665,0,0,92
194,0,85,1,95,0,0,0,0,0,0,0,0,0,125
183,0,80,0,81,0,0,0,0,0,0,0,0,0,126
193,1,96,0,97,0,0,0,0,0,0,0,0,0,115
205,1,120,0,99,0,1,0,0,0,0,0,0,0,104
226,1,101,0,120,0,1,0,0,0,0,0,0,0,108
231,0,112,1,138,0,2,0,0,0,0,0,0,0,104
215,0,131,0,134,2,0,0,0,0,0,0,0,0,127
235,1,137,0,152,0,0,1807,3,0,0,0,0,0,119
226,0,150,0,150,0,1,0,0,0,0,0,0,0,129
267,1,154,0,160,0,1,0,0,0,0,0,0,0,131
273,0,135,0,145,1,0,0,0,0,0,0,0,0,142
248,1,194,0,187,0,0,0,0,0,0,0,0,0,147
269,0,215,0,179,0,1,0,0,0,0,0,0,0,138
250,1,203,0,201,1,0,0,0,0,0,0,0,0,137
312,0,211,0,198,0,0,0,0,0,0,0,0,0,159
311,0,242,0,226,0,0,1844,4,23037,37,0,2,0,164
277,0,227,0,232,0,0,0,0,0,0,0,0,0,125
304,0,242,0,241,0,1,0,0,0,0,0,0,0,158
337,0,289,0,258,1,0,0,0,0,0,0,0,0,135
322,0,254,0,258,0,2,0,0,0,0,0,0,0,159
382,0,278,0,310,1,0,0,0,0,0,0,0,0,157
339,0,336,0,332,0,0,0,0,0,0,0,0,0,147
344,0,303,0,320,0,0,0,0,0,0,0,0,0,153
351,0,343,0,347,0,0,1905,2,0,0,0,0,0,173
408,0,389,0,364,1,0,0,0,0,0,0,0,0,155
443,0,364,0,386,0,1,0,0,0,0,0,0,0,163
388,0,405,1,386,0,2,0,0,0,0,0,0,0,165
396,0,392,0,411,0,0,0,0,0,0,0,0,0,173
409,0,416,0,435,0,0,0,0,0,0,0,0,0,163
438,1,504,0,458,0,1,0,0,0,0,0,0,0,164
451,0,503,2,431,0,0,0,0,0,0,0,0,0,162
434,0,504,1,516,0,1,1908,5,40332,45,0,2,0,187
487,0,530,2,539,0,1,0,0,0,0,0,0,0,188
431,0,561,1,574,0,0,0,0,0,0,0,0,0,179
510,0,584,0,579,0,0,0,0,0,0,0,0,0,170
509,0,602,0,569,0,0,0,0,0,0,0,0,0,178
491,0,686,0,576,1,0,0,0,0,0,0,0,1,209
536,1,660,0,647,0,0,0,0,0,0,0,0,0,182
524,0,631,0,641,1,1,0,0,0,0,0,0,1,190
523,2,683,0,700,1,1,1245,8,0,0,0,0,0,199
562,1,758,3,694,0,0,0,0,0,0,0,0,0,183
566,1,742,0,723,0,0,0,0,0,0,0,0,0,214
544,0,727,0,736,0,0,0,0,0,0,0,0,2,212
597,1,789,0,779,0,0,0,0,0,0,0,0,0,197
537,0,796,0,783,0,0,0,0,0,0,0,0,2,209
560,0,841,0,834,1,0,0,0,0,0,0,0,1,234
614,1,835,0,816,1,1,0,0,0,0,0,0,2,219
618,0,893,0,833,0,0,13,5,34738,40,0,2,0,224
588,0,957,0,880,0,0,0,0,0,0,0,0,1,218
576,1,887,0,908,1,1,0,0,0,0,0,0,3,192
598,1,949,0,899,0,0,0,0,0,0,0,0,0,217
613,1,968,0,887,0,2,0,0,0,0,0,0,2,214
598,1,905,0,1060,0,0,0,0,0,0,0,0,4,221
626,2,1020,1,959,0,0,0,0,0,0,0,0,2,74
568,0,983,1,987,0,0,0,0,0,0,0,0,4,0
302,0,947,0,979,0,0,0,5,0,0,0,0,3,0
44,2,1068,0,956,0,0,0,0,0,0,0,0,2,0
0,0,915,0,945,2,0,0,0,0,0,0,0,3,0
0,1,265,0,312,0,0,0,0,0,0,0,0,3,0
0,1,9,0,9,1,0,0,0,0,0,0,0,2,0
0,0,0,0,0,0,0,0,0,0,0,0,0,3,0
0,0,0,0,0,0,0,0,0,0,0,0,0,5,0
0,0,0,0,0,0,1,0,0,0,0,0,0,10,0
9830,1,9830,0,9830,1,1,9830,6,74802,42,39322,0,3,5120
0,0,0,0,0,0,0,0,0,0,0,0,0,3,0
0,1,0,1,0,1,1,0,0,0,0,0,0,4,0
0,0,7,0,11,0,0,0,0,0,0,0,0,3,0
0,1,283,0,284,1,0,0,0,0,0,0,0,0,0
0,0,871,1,808,0,2,0,0,0,0,0,0,2,0
51,0,1021,0,1002,0,0,0,0,0,0,0,0,3,0
327,0,922,0,932,0,0,0,0,0,0,0,0,3,0
544,0,986,0,910,0,0,7,6,0,0,0,0,4,0
612,1,965,1,920,0,0,0,0,0,0,0,0,2,107
676,1,907,1,901,0,0,0,0,0,0,0,0,4,277
632,2,913,0,980,0,1,0,0,0,0,0,0,2,289
669,0,828,0,931,0,1,0,0,0,0,0,0,2,314
653,0,821,0,833,0,0,0,0,0,0,0,0,1,328
613,0,820,0,864,0,0,0,0,0,0,0,0,2,299
670,0,798,0,811,0,0,0,0,0,0,0,0,1,331
642,1,757,0,774,0,0,1250,13,40488,42,0,0,2,343
624,0,769,3,788,0,0,0,0,0,0,0,0,0,336
642,0,751,1,785,1,1,0,0,0,0,0,0,0,324
626,0,676,0,710,1,0,0,0,0,0,0,0,0,326
595,0,679,2,671,1,0,0,0,0,0,0,0,1,295
618,0,634,0,678,1,0,0,0,0,0,0,0,0,299
584,1,626,1,610,1,0,0,0,0,0,0,0,0,349
621,0,631,0,651,0,1,0,0,0,0,0,0,0,315
532,0,546,0,606,0,0,2024,10,0,0,0,0,1,319
552,0,561,0,517,1,2,0,0,0,0,0,0,0,296
546,0,510,0,539,1,0,0,0,0,0,0,0,1,292
531,1,496,0,527,0,0,0,0,0,0,0,0,0,288
547,0,462,2,465,1,2,0,0,0,0,0,0,0,265
480,0,470,0,470,0,0,0,0,0,0,0,0,0,263
551,1,449,0,485,0,0,0,0,0,0,0,0,0,248
514,0,425,0,417,0,0,0,0,0,0,0,0,0,255
476,1,405,0,394,2,1,1941,16,21564,39,0,0,0,230
488,0,388,0,367,1,1,0,0,0,0,0,0,0,229
465,0,351,0,343,1,0,0,0,0,0,0,0,0,211
476,0,324,0,365,2,2,0,0,0,0,0,0,0,210
445,0,315,0,291,1,0,0,0,0,0,0,0,0,187
453,1,298,1,298,2,0,0,0,0,0,0,0,0,177
409,0,259,0,271,0,1,0,0,0,0,0,0,0,182
424,2,260,0,245,0,0,0,0,0,0,0,0,0,147
354,0,255,0,226,1,1,1968,16,0,0,0,0,0,146
400,1,218,0,233,1,0,0,0,0,0,0,0,0,148
401,0,224,2,183,0,0,0,0,0,0,0,0,0,123
346,0,187,2,200,1,1,0,0,0,0,0,0,0,117
353,0,193,0,189,0,0,0,0,0,0,0,0,0,94
352,1,157,0,170,0,0,0,0,0,0,0,0,0,87
344,0,145,0,152,3,0,0,0,0,0,0,0,0,80
301,1,143,0,159,0,0,0,0,0,0,0,0,0,60
339,0,112,1,148,1,1,1830,10,8305,43,703,3,0,74
296,1,126,1,131,2,1,0,0,0,0,0,0,0,59
301,1,111,1,118,0,0,0,0,0,0,0,0,0,59
297,1,100,0,121,0,0,0,0,0,0,0,0,0,41
285,0,92,0,92,1,0,0,0,0,0,0,0,0,35
240,1,83,1,105,0,0,0,0,0,0,0,0,0,37
275,0,75,3,83,1,1,0,0,0,0,0,0,0,48
266,0,76,0,76,1,0,0,0,0,0,0,0,0,30
227,0,79,0,91,1,3,1829,10,0,0,0,0,0,34
232,0,59,1,75,0,0,0,0,0,0,0,0,0,25
203,0,54,0,55,1,0,0,0,0,0,0,0,0,24
191,1,46,1,51,2,0,0,0,0,0,0,0,0,19
203,0,47,1,46,0,0,0,0,0,0,0,0,0,17
179,0,50,0,54,0,0,0,0,0,0,0,0,0,10
188,0,30,0,39,1,0,0,0,0,0,0,0,0,10
200,0,39,2,39,0,0,0,0,0,0,0,0,0,8
169,1,40,1,22,0,0,1686,15,2231,46,4796,2,0,8
150,0,30,1,33,0,0,0,0,0,0,0,0,0,9
132,2,30,0,30,0,0,0,0,0,0,0,0,0,5
161,0,23,0,31,0,0,0,0,0,0,0,0,0,1
124,0,30,1,18,0,0,0,0,0,0,0,0,0,4
130,1,37,2,27,0,0,0,0,0,0,0,0,0,6
129,0,17,0,16,0,0,0,0,0,0,0,0,0,3
114,0,21,2,22,2,0,0,0,0,0,0,0,0,1
105,0,9,1,15,2,2,1610,13,0,0,0,0,0,1
121,0,12,1,17,0,1,0,0,0,0,0,0,0,6
108,0,12,0,14,0,0,0,0,0,0,0,0,0,1
105,1,11,2,20,1,1,0,0,0,0,0,0,0,0
80,0,14,1,11,0,0,0,0,0,0,0,0,0,1
95,0,9,0,15,0,0,0,0,0,0,0,0,0,1
91,0,10,1,10,1,1,0,0,0,0,0,0,0,0
95,0,7,0,11,0,0,0,0,0,0,0,0,0,1
67,0,8,0,7,3,0,1424,11,458,33,4863,7,0,0
81,1,6,1,10,0,1,0,0,0,0,0,0,0,0
63,0,7,0,8,1,1,0,0,0,0,0,0,0,0
58,0,8,2,3,1,0,0,0,0,0,0,0,0,1
69,1,4,0,9,0,0,0,0,0,0,0,0,0,0
71,0,2,2,3,1,0,0,0,0,0,0,0,0,0
39,1,9,0,6,0,0,0,0,0,0,0,0,0,0
46,1,3,0,5,1,1,0,0,0,0,0,0,0,0
48,0,4,1,7,0,0,1373,7,0,0,0,0,0,0
58,2,1,0,9,0,2,0,0,0,0,0,0,0,0
44,0,4,0,6,0,1,0,0,0,0,0,0,0,0
54,0,1,0,8,0,0,0,0,0,0,0,0,0,0
53,2,1,1,3,0,0,0,0,0,0,0,0,0,0
35,0,2,2,5,0,0,0,0,0,0,0,0,0,0
31,0,3,1,3,0,0,0,0,0,0,0,0,0,0
37,0,2,0,2,1,0,0,0,0,0,0,0,0,0
37,0,2,0,3,0,0,1225,7,63,44,4826,3,0,0
33,2,2,0,1,0,0,0,0,0,0,0,0,0,0
25,2,1,1,1,0,0,0,0,0,0,0,0,0,0
27,3,2,0,3,1,0,0,0,0,0,0,0,0,0
18,0,1,1,0,0,0,0,0,0,0,0,0,0,0
23,1,2,1,3,0,0,0,0,0,0,0,0,0,0
22,0,2,0,3,0,0,0,0,0,0,0,0,0,0
18,0,3,1,2,0,0,0,0,0,0,0,0,0,0
21,0,0,2,1,0,0,1186,10,0,0,0,0,0,0
17,1,1,1,1,0,0,0,0,0,0,0,0,0,0
16,0,0,0,1,1,0,0,0,0,0,0,0,0,0
16,1,0,1,0,0,0,0,0,0,0,0,0,0,0
22,2,0,0,0,0,0,0,0,0,0,0,0,0,0
14,0,0,0,1,1,0,0,0,0,0,0,0,0,0
11,0,1,0,0,1,0,0,0,0,0,0,0,0,0
14,0,0,0,0,1,0,0,0,0,0,0,0,0,0
12,0,1,2,1,1,0,1045,12,10,33,4660,6,0,0
9,0,1,2,1,1,0,0,0,0,0,0,0,0,0
11,1,0,0,0,1,0,0,0,0,0,0,0,0,0
10,0,0,2,0,0,0,0,0,0,0,0,0,0,0
8,0,0,2,0,1,0,0,0,0,0,0,0,0,0
6,0,0,0,0,1,0,0,0,0,0,0,0,0,0
10,0,0,1,1,0,0,0,0,0,0,0,0,0,0
3,0,0,1,1,0,0,0,0,0,0,0,0,0,0
5,0,0,2,0,2,0,946,7,0,0,0,0,0,0
8,0,0,0,0,0,0,0,0,0,0,0,0,0,0
3,0,0,0,0,0,0,0,0,0,0,0,0,0,0
9,0,0,1,0,2,0,0,0,0,0,0,0,0,0
4,1,0,0,0,0,0,0,0,0,0,0,0,0,0
3,1,0,1,0,0,0,0,0,0,0,0,0,0,0
3,0,0,2,0,1,0,0,0,0,0,0,0,0,0
8,0,0,1,0,0,0,0,0,0,0,0,0,0,0
7,1,0,3,0,0,0,825,10,2,44,4652,9,0,0
4,0,0,1,0,0,0,0,0,0,0,0,0,0,0
5,0,0,0,0,0,0,0,0,0,0,0,0,0,0
3,0,0,0,1,1,0,0,0,0,0,0,0,0,0
2,1,0,1,0,0,0,0,0,0,0,0,0,0,0
4,1,0,0,0,0,0,0,0,0,0,0,0,0,0
1,0,0,1,1,1,0,0,0,0,0,0,0,0,0
3,0,0,0,0,1,0,0,0,0,0,0,0,0,0
5,1,0,1,0,1,0,779,6,0,0,0,0,0,0
2,0,0,0,0,1,0,0,0,0,0,0,0,0,0
1,1,0,0,0,1,0,0,0,0,0,0,0,0,0
3,0,0,1,0,0,0,0,0,0,0,0,0,0,0
3,1,0,1,0,0,0,0,0,0,0,0,0,0,0
0,1,0,0,0,3,0,0,0,0,0,0,0,0,0
0,1,0,0,0,1,0,0,0,0,0,0,0,0,0
1,3,0,0,0,2,0,0,0,0,0,0,0,0,0
2,0,0,0,0,0,0,631,6,0,21,4486,4,0,0
1,2,0,0,0,1,0,0,0,0,0,0,0,0,0
0,0,0,1,0,0,0,0,0,0,0,0,0,0,0
0,3,0,1,0,1,0,0,0,0,0,0,0,0,0
3,0,0,0,0,2,0,0,0,0,0,0,0,0,0
0,1,0,1,0,1,0,0,0,0,0,0,0,0,0
1,1,0,0,0,0,0,0,0,0,0,0,0,0,0
1,1,0,2,0,1,0,0,0,0,0,0,0,0,0
0,0,0,1,0,1,0,575,5,0,0,0,0,0,0
0,2,0,0,0,0,0,0,0,0,0,0,0,0,0
1,0,0,2,0,1,0,0,0,0,0,0,0,0,0
0,1,0,0,0,0,0,0,0,0,0,0,0,0,0
0,0,0,1,0,3,0,0,0,0,0,0,0,0,0
0,0,0,1,0,1,0,0,0,0,0,0,0,0,0
1,0,0,1,0,3,0,0,0,0,0,0,0,0,0
1,1,0,0,0,0,0,0,0,0,0,0,0,0,0
0,2,0,0,0,1,0,485,3,0,25,4215,11,0,0
0,2,0,0,0,0,0,0,0,0,0,0,0,0,0
1,0,0,1,0,1,0,0,0,0,0,0,0,0,0
0,0,0,0,0,0,0,0,0,0,0,0,0,0,0
0,0,0,0,0,0,0,0,0,0,0,0,0,0,0
0,1,0,1,0,2,0,0,0,0,0,0,0,0,0
0,1,0,0,0,2,0,0,0,0,0,0,0,0,0
1,0,0,0,0,4,0,0,0,0,0,0,0,0,0
0,0,0,0,0,0,0,448,4,0,0,0,0,0,0
0,0,0,0,0,1,0,0,0,0,0,0,0,0,0
0,0,0,0,0,0,0,0,0,0,0,0,0,0,0
2,0,0,0,0,1,0,0,0,0,0,0,0,0,0
1,0,0,0,0,1,0,0,0,0,0,0,0,0,0
0,0,0,0,0,1,0,0,0,0,0,0,0,0,0
0,1,0,0,0,1,0,0,0,0,0,0,0,0,0
0,1,0,0,0,0,0,0,0,0,0,0,0,0,0
0,0,0,0,0,1,0,369,3,0,29,4278,6,0,0
0,1,0,1,0,0,0,0,0,0,0,0,0,0,0
0,0,0,3,0,1,0,0,0,0,0,0,0,0,0
0,1,0,0,0,0,0,0,0,0,0,0,0,0,0
0,0,0,0,0,1,0,0,0,0,0,0,0,0,0
0,2,0,0,0,1,0,0,0,0,0,0,0,0,0
0,0,1,0,0,0,0,0,0,0,0,0,0,0,0
0,0,0,0,0,1,0,0,0,0,0,0,0,0,0
0,0,0,1,0,1,0,311,1,0,0,0,0,0,0
0,2,0,1,0,1,0,0,0,0,0,0,0,0,0
0,0,0,1,0,0,0,0,0,0,0,0,0,0,0
0,0,0,1,0,1,0,0,0,0,0,0,0,0,0
0,1,0,0,0,0,0,0,0,0,0,0,0,0,0
0,0,0,0,0,2,0,0,0,0,0,0,0,0,0
0,0,0,2,0,1,0,0,0,0,0,0,0,0,0
0,1,0,0,0,0,0,0,0,0,0,0,0,0,0
0,0,0,2,0,1,0,294,5,0,22,4141,11,0,0
0,1,0,0,0,1,0,0,0,0,0,0,0,0,0
1,0,0,0,0,1,0,0,0,0,0,0,0,0,0
0,0,0,1,0,1,0,0,0,0,0,0,0,0,0
0,0,0,1,0,0,0,0,0,0,0,0,0,0,0
0,1,0,2,0,0,0,0,0,0,0,0,0,0,0
0,0,0,0,0,0,0,0,0,0,0,0,0,0,0
0,1,0,1,0,1,0,0,0,0,0,0,0,0,0
0,1,0,0,0,0,0,221,1,0,0,0,0,0,0
0,0,0,1,0,2,0,0,0,0,0,0,0,0,0
0,0,0,1,0,1,0,0,0,0,0,0,0,0,0
0,0,0,0,0,0,0,0,0,0,0,0,0,0,0
0,1,0,0,0,2,0,0,0,0,0,0,0,0,0
0,1,0,0,0,1,0,0,0,0,0,0,0,0,0
0,1,0,0,0,1,0,0,0,0,0,0,0,0,0
0,0,0,1,0,1,0,0,0,0,0,0,0,0,0
0,0,0,1,0,0,0,198,1,0,22,4033,10,0,0
0,0,0,3,0,0,0,0,0,0,0,0,0,0,0
0,1,0,0,0,0,0,0,0,0,0,0,0,0,0
0,0,0,0,0,1,0,0,0,0,0,0,0,0,0
0,1,0,0,0,1,0,0,0,0,0,0,0,0,0
0,0,0,0,0,2,0,0,0,0,0,0,0,0,0
0,0,0,1,0,1,0,0,0,0,0,0,0,0,0
0,1,0,1,0,0,0,0,0,0,0,0,0,0,0
1,0,0,1,0,0,0,179,0,0,0,0,0,0,0
0,1,0,0,0,0,0,0,0,0,0,0,0,0,0
0,0,0,1,0,1,0,0,0,0,0,0,0,0,0
0,0,0,1,0,0,0,0,0,0,0,0,0,0,0
0,0,0,4,0,0,0,0,0,0,0,0,0,0,0
0,1,0,0,0,0,0,0,0,0,0,0,0,0,0
0,0,0,1,0,1,0,0,0,0,0,0,0,0,0
0,1,0,0,0,1,0,0,0,0,0,0,0,0,0
0,1,0,1,0,1,0,145,0,0,17,3937,8,0,0
0,0,0,0,0,0,0,0,0,0,0,0,0,0,0
0,1,0,1,0,0,0,0,0,0,0,0,0,0,0
0,1,0,0,0,0,0,0,0,0,0,0,0,0,0
0,0,0,0,0,0,0,0,0,0,0,0,0,0,0
0,1,0,0,0,0,0,0,0,0,0,0,0,0,0
0,1,0,0,0,0,0,0,0,0,0,0,0,0,0
0,0,0,0,0,0,0,0,0,0,0,0,0,0,0
0,0,0,1,0,0,0,116,0,0,0,0,0,0,0
0,2,0,0,0,2,0,0,0,0,0,0,0,0,0
0,1,0,0,0,0,0,0,0,0,0,0,0,0,0
0,1,0,0,0,1,0,0,0,0,0,0,0,0,0
0,0,0,1,0,0,0,0,0,0,0,0,0,0,0
0,0,0,2,0,0,0,0,0,0,0,0,0,0,0
0,1,0,0,0,1,0,0,0,0,0,0,0,0,0
0,0,0,1,0,0,0,0,0,0,0,0,0,0,0
0,2,0,0,0,1,0,72,0,0,9,3733,13,0,0
0,1,0,0,0,0,0,0,0,0,0,0,0,0,0
0,0,0,1,0,0,0,0,0,0,0,0,0,0,0
0,1,0,1,0,0,0,0,0,0,0,0,0,0,0
0,0,0,1,0,0,0,0,0,0,0,0,0,0,0
0,1,0,1,0,0,0,0,0,0,0,0,0,0,0
0,1,0,0,0,0,0,0,0,0,0,0,0,0,0
0,0,0,1,0,0,0,0,0,0,0,0,0,0,0
0,1,0,1,0,1,0,93,0,0,0,0,0,0,0
0,0,0,0,0,0,0,0,0,0,0,0,0,0,0
0,0,0,0,0,1,0,0,0,0,0,0,0,0,0
0,2,0,1,0,0,0,0,0,0,0,0,0,0,0
0,0,0,0,0,0,0,0,0,0,0,0,0,0,0
0,0,0,0,0,2,0,0,0,0,0,0,0,0,0
0,1,0,0,0,0,0,0,0,0,0,0,0,0,0
0,80,0,80,0,69,0,0,0,0,0,0,0,0,0
0,0,0,0,0,0,0,425,1,0,77,39442,128,0,0
0,0,0,0,0,0,0,7,0,0,9,11949,22,0,0
0,0,0,0,0,0,0,1,0,0,5,2295,1,0,0
0,0,0,0,0,0,0,0,0,0,3,262,0,0,0
0,0,0,0,0,0,0,0,0,0,0,24,0,0,0
0,0,0,0,0,0,0,0,0,0,0,0,0,0,0
0,0,0,0,0,0,0,0,0,0,0,0,0,0,0
